chr1,start1,end1,chr2,start2,end2,strand1,strand2,sample,svclass
1,2094532,2094535,1,2100233,2100236,-,-,exampleSample,tandem-duplication
1,36674725,36674731,1,36740444,36740450,-,-,exampleSample,tandem-duplication
1,142652674,142652677,15,89324964,89324967,+,+,exampleSample,translocation
1,144901009,144901012,1,241666736,241666739,-,-,exampleSample,tandem-duplication
1,145247159,145247162,1,234439409,234439412,-,-,exampleSample,tandem-duplication
1,145302057,145302060,5,9438719,9438722,-,-,exampleSample,translocation
1,147075780,147075782,1,157258395,157258397,-,-,exampleSample,tandem-duplication
1,147386371,147386372,1,235355042,235355043,-,+,exampleSample,inversion
1,147393446,147393449,1,226472978,226472981,+,-,exampleSample,inversion
1,148916257,148916262,1,232385078,232385083,+,+,exampleSample,deletion
1,149761610,149761614,13,85731524,85731528,+,-,exampleSample,translocation
1,149767564,149767565,13,99713912,99713913,-,+,exampleSample,translocation
1,151659083,151659085,1,226964816,226964818,-,+,exampleSample,inversion
1,152162195,152162197,1,230222837,230222839,-,+,exampleSample,inversion
1,152841162,152841165,1,176234533,176234536,-,+,exampleSample,inversion
1,153056349,153056352,5,11748458,11748461,-,-,exampleSample,translocation
1,153095537,153095539,5,23874121,23874123,+,+,exampleSample,translocation
1,153101594,153101595,1,158236028,158236029,-,-,exampleSample,tandem-duplication
1,153442930,153442931,5,23974824,23974825,+,+,exampleSample,translocation
1,153826935,153826939,1,206799671,206799675,+,+,exampleSample,deletion
1,154952150,154952153,1,176735132,176735135,-,+,exampleSample,inversion
1,155044467,155044471,5,45126481,45126485,+,+,exampleSample,translocation
1,155102983,155102984,1,233492623,233492624,-,-,exampleSample,tandem-duplication
1,156707416,156707417,X,76968890,76968891,+,-,exampleSample,translocation
1,157371732,157371736,1,197474193,197474197,-,-,exampleSample,tandem-duplication
1,157430440,157430441,1,179391710,179391711,+,+,exampleSample,deletion
1,157449986,157449988,X,74620202,74620204,+,-,exampleSample,translocation
1,157526319,157526322,16,69662366,69662369,+,+,exampleSample,translocation
1,158386495,158386499,1,167035750,167035754,-,+,exampleSample,inversion
1,159223909,159223913,5,20863723,20863727,-,+,exampleSample,translocation
1,159226668,159226669,5,12866118,12866119,+,-,exampleSample,translocation
1,160344656,160344657,1,163322128,163322129,-,+,exampleSample,inversion
1,160833107,160833111,1,179873823,179873827,-,-,exampleSample,tandem-duplication
1,163381221,163381227,5,19218330,19218336,+,+,exampleSample,translocation
1,164846597,164846601,5,32849324,32849328,-,-,exampleSample,translocation
1,165042502,165042504,1,178049317,178049319,+,+,exampleSample,deletion
1,165113054,165113058,1,165166229,165166233,-,-,exampleSample,tandem-duplication
1,166510537,166510543,X,74686000,74686006,-,-,exampleSample,translocation
1,166534268,166534270,X,71636068,71636070,+,+,exampleSample,translocation
1,167060922,167060923,X,71514178,71514179,+,-,exampleSample,translocation
1,167298327,167298330,X,81604055,81604058,-,-,exampleSample,translocation
1,167309112,167309116,16,68390738,68390742,-,-,exampleSample,translocation
1,167309134,167309136,16,67579453,67579455,-,-,exampleSample,translocation
1,167467908,167467910,1,167979288,167979290,+,-,exampleSample,inversion
1,167892521,167892524,1,176583701,176583704,-,-,exampleSample,tandem-duplication
1,168021118,168021120,1,174702118,174702120,-,+,exampleSample,inversion
1,172311099,172311101,1,175934365,175934367,-,+,exampleSample,inversion
1,172607771,172607774,13,20597297,20597300,+,-,exampleSample,translocation
1,172680578,172680579,5,25404558,25404559,+,-,exampleSample,translocation
1,172734479,172734481,1,178233706,178233708,+,+,exampleSample,deletion
1,176204783,176204785,X,78824186,78824188,-,+,exampleSample,translocation
1,176223628,176223629,1,225313112,225313113,+,-,exampleSample,inversion
1,176733470,176733472,5,45491283,45491285,+,-,exampleSample,translocation
1,176890129,176890131,5,37042225,37042227,+,-,exampleSample,translocation
1,176891778,176891779,1,181458108,181458109,-,-,exampleSample,tandem-duplication
1,177017744,177017745,X,102874042,102874043,-,+,exampleSample,translocation
1,177697376,177697377,1,177704909,177704910,-,-,exampleSample,tandem-duplication
1,177704249,177704250,1,177710509,177710510,-,+,exampleSample,inversion
1,177960422,177960423,5,31924740,31924741,-,-,exampleSample,translocation
1,178054735,178054736,1,244631458,244631459,+,-,exampleSample,inversion
1,180997246,180997250,1,192027332,192027336,+,+,exampleSample,deletion
1,181066743,181066745,1,223861234,223861236,+,+,exampleSample,deletion
1,181077791,181077792,5,44673886,44673887,-,-,exampleSample,translocation
1,181096002,181096005,5,4614720,4614723,-,+,exampleSample,translocation
1,181196907,181196909,5,40556735,40556737,+,-,exampleSample,translocation
1,181900129,181900132,1,186731189,186731192,-,+,exampleSample,inversion
1,181933939,181933945,5,36911864,36911870,+,+,exampleSample,translocation
1,181987521,181987522,1,184019391,184019392,-,+,exampleSample,inversion
1,182037626,182037628,5,17211872,17211874,+,+,exampleSample,translocation
1,184393967,184393969,1,194694045,194694047,-,+,exampleSample,inversion
1,184418494,184418495,5,39602907,39602908,+,-,exampleSample,translocation
1,184521988,184521990,1,198071869,198071871,+,-,exampleSample,inversion
1,184595035,184595036,1,198155481,198155482,-,-,exampleSample,tandem-duplication
1,186108394,186108396,1,190038402,190038404,+,-,exampleSample,inversion
1,187025024,187025026,5,23191052,23191054,+,-,exampleSample,translocation
1,189398992,189398993,1,198852600,198852601,-,+,exampleSample,inversion
1,190546342,190546344,5,24037895,24037897,-,-,exampleSample,translocation
1,190552266,190552270,1,227436871,227436875,+,-,exampleSample,inversion
1,190734480,190734483,5,14115959,14115962,-,+,exampleSample,translocation
1,190735801,190735805,1,236947191,236947195,+,-,exampleSample,inversion
1,190807297,190807298,5,12828033,12828034,-,+,exampleSample,translocation
1,190934403,190934406,1,205649632,205649635,+,+,exampleSample,deletion
1,191927202,191927203,1,241942957,241942958,+,+,exampleSample,deletion
1,191942528,191942530,5,22899553,22899555,-,-,exampleSample,translocation
1,192546865,192546867,16,85331570,85331572,+,+,exampleSample,translocation
1,192873001,192873004,16,50755310,50755313,-,-,exampleSample,translocation
1,193638314,193638319,1,195736743,195736748,-,+,exampleSample,inversion
1,193649574,193649575,X,86795020,86795021,+,+,exampleSample,translocation
1,194427155,194427158,16,50617600,50617603,+,+,exampleSample,translocation
1,194431534,194431535,X,86431671,86431672,-,-,exampleSample,translocation
1,194458897,194458900,X,86792354,86792357,+,+,exampleSample,translocation
1,194460433,194460437,16,50401562,50401566,-,+,exampleSample,translocation
1,194461507,194461509,16,55481814,55481816,-,+,exampleSample,translocation
1,194501342,194501344,16,52699949,52699951,-,-,exampleSample,translocation
1,194502358,194502361,16,50399327,50399330,+,+,exampleSample,translocation
1,194505368,194505370,16,55481454,55481456,-,-,exampleSample,translocation
1,194515422,194515423,X,85360155,85360156,+,-,exampleSample,translocation
1,194515426,194515428,X,85370152,85370154,-,-,exampleSample,translocation
1,194533976,194533979,1,195745257,195745260,+,-,exampleSample,inversion
1,194709384,194709387,X,86391632,86391635,+,-,exampleSample,translocation
1,195238525,195238527,16,53472840,53472842,-,-,exampleSample,translocation
1,195257436,195257438,16,47780338,47780340,+,-,exampleSample,translocation
1,197442215,197442216,5,11795235,11795236,-,+,exampleSample,translocation
1,197471799,197471804,5,19461327,19461332,-,-,exampleSample,translocation
1,197992671,197992673,5,40542019,40542021,-,+,exampleSample,translocation
1,198113694,198113697,5,5413126,5413129,-,-,exampleSample,translocation
1,198180935,198180936,1,243580296,243580297,-,-,exampleSample,tandem-duplication
1,198573437,198573438,5,43802466,43802467,+,-,exampleSample,translocation
1,198592139,198592141,5,28700206,28700208,-,+,exampleSample,translocation
1,198851620,198851621,1,223897735,223897736,+,+,exampleSample,deletion
1,205619467,205619471,1,246445474,246445478,-,-,exampleSample,tandem-duplication
1,205673919,205673922,1,232520441,232520444,+,-,exampleSample,inversion
1,205736147,205736148,5,8745522,8745523,+,+,exampleSample,translocation
1,205844376,205844378,1,235362963,235362965,-,-,exampleSample,tandem-duplication
1,206800621,206800624,1,244300576,244300579,+,-,exampleSample,inversion
1,206827268,206827273,1,225056060,225056065,-,-,exampleSample,tandem-duplication
1,222300220,222300221,5,23978101,23978102,+,-,exampleSample,translocation
1,222310492,222310495,5,40967692,40967695,-,-,exampleSample,translocation
1,222324970,222324971,5,30218938,30218939,+,+,exampleSample,translocation
1,222360764,222360770,5,221865,221871,-,+,exampleSample,translocation
1,222470579,222470583,1,239180787,239180791,-,+,exampleSample,inversion
1,222475116,222475119,1,243907643,243907646,+,+,exampleSample,deletion
1,222732843,222732847,1,228945613,228945617,+,-,exampleSample,inversion
1,223892159,223892160,5,4593676,4593677,+,-,exampleSample,translocation
1,223960058,223960061,5,38094460,38094463,+,+,exampleSample,translocation
1,224073309,224073310,5,41091425,41091426,-,-,exampleSample,translocation
1,224394120,224394121,5,23507861,23507862,+,+,exampleSample,translocation
1,224615614,224615616,1,228833497,228833499,-,-,exampleSample,tandem-duplication
1,224653970,224653971,X,71504985,71504986,-,-,exampleSample,translocation
1,224968979,224968981,5,4503966,4503968,-,+,exampleSample,translocation
1,225046242,225046244,5,8497824,8497826,-,+,exampleSample,translocation
1,225055134,225055135,5,12870622,12870623,-,+,exampleSample,translocation
1,225233551,225233553,X,80393089,80393091,-,+,exampleSample,translocation
1,225644383,225644385,5,42139873,42139875,+,+,exampleSample,translocation
1,225705697,225705698,5,30215595,30215596,-,-,exampleSample,translocation
1,225849654,225849655,5,45928628,45928629,-,+,exampleSample,translocation
1,225908525,225908528,5,42492769,42492772,+,+,exampleSample,translocation
1,226154672,226154673,5,11738883,11738884,+,-,exampleSample,translocation
1,226223790,226223793,1,244163274,244163277,-,-,exampleSample,tandem-duplication
1,226238686,226238688,5,30451453,30451455,+,-,exampleSample,translocation
1,226294390,226294392,5,8577930,8577932,+,-,exampleSample,translocation
1,226503911,226503916,5,11073489,11073494,+,+,exampleSample,translocation
1,226506936,226506938,1,244284487,244284489,-,+,exampleSample,inversion
1,226509267,226509271,1,226630992,226630996,+,+,exampleSample,deletion
1,226638851,226638853,1,244743390,244743392,+,-,exampleSample,inversion
1,226731926,226731931,5,43378357,43378362,-,-,exampleSample,translocation
1,227420890,227420894,5,8629620,8629624,+,+,exampleSample,translocation
1,228814309,228814310,13,22259990,22259991,-,-,exampleSample,translocation
1,228909401,228909403,5,22882553,22882555,-,+,exampleSample,translocation
1,232046511,232046512,5,8697317,8697318,-,+,exampleSample,translocation
1,233322102,233322105,5,37109101,37109104,-,-,exampleSample,translocation
1,233491879,233491880,1,237043989,237043990,-,-,exampleSample,tandem-duplication
1,234138557,234138559,5,31433487,31433489,-,+,exampleSample,translocation
1,234848198,234848200,5,22179386,22179388,-,-,exampleSample,translocation
1,234935028,234935029,5,34458035,34458036,+,-,exampleSample,translocation
1,236880724,236880726,5,12595811,12595813,+,+,exampleSample,translocation
1,237042471,237042476,13,21515003,21515008,-,-,exampleSample,translocation
1,240690677,240690683,X,64476350,64476356,+,+,exampleSample,translocation
1,242005362,242005366,5,36888312,36888316,+,-,exampleSample,translocation
1,242799580,242799581,5,16288816,16288817,-,-,exampleSample,translocation
1,242925678,242925680,5,24071550,24071552,+,+,exampleSample,translocation
1,242928279,242928281,5,11021463,11021465,-,-,exampleSample,translocation
1,242937727,242937729,1,243596352,243596354,+,-,exampleSample,inversion
1,243297536,243297539,5,32301509,32301512,-,+,exampleSample,translocation
1,243351488,243351489,5,41332853,41332854,+,-,exampleSample,translocation
1,243561785,243561787,13,21871492,21871494,-,-,exampleSample,translocation
1,243671052,243671054,5,8755893,8755895,+,-,exampleSample,translocation
1,243895352,243895355,5,24113195,24113198,+,-,exampleSample,translocation
1,243919656,243919660,6,162802934,162802938,+,+,exampleSample,translocation
1,244016883,244016884,1,244181815,244181816,-,+,exampleSample,inversion
1,244022158,244022160,5,23900113,23900115,+,-,exampleSample,translocation
1,244151480,244151481,5,8693356,8693357,-,-,exampleSample,translocation
1,244167757,244167759,5,8654833,8654835,-,-,exampleSample,translocation
1,244710074,244710078,5,10179140,10179144,-,-,exampleSample,translocation
1,245519809,245519810,5,16262512,16262513,+,+,exampleSample,translocation
